<annotation>
	<folder>source</folder>
	<filename>12_mammy.jpg</filename>
	<path>C:\Users\genki\OneDrive\デスクトップ\source\12_mammy.jpg</path>
	<source>
		<database>Unknown</database>
	</source>
	<size>
		<width>194</width>
		<height>259</height>
		<depth>3</depth>
	</size>
	<segmented>0</segmented>
	<object>
		<name>mammy</name>
		<pose>Unspecified</pose>
		<truncated>0</truncated>
		<difficult>0</difficult>
		<bndbox>
			<xmin>55</xmin>
			<ymin>9</ymin>
			<xmax>141</xmax>
			<ymax>251</ymax>
		</bndbox>
	</object>
</annotation>
