<annotation>
	<folder>source</folder>
	<filename>12_meiji.jpg</filename>
	<path>C:\Users\genki\OneDrive\デスクトップ\source\12_meiji.jpg</path>
	<source>
		<database>Unknown</database>
	</source>
	<size>
		<width>225</width>
		<height>225</height>
		<depth>3</depth>
	</size>
	<segmented>0</segmented>
	<object>
		<name>meiji_delicious</name>
		<pose>Unspecified</pose>
		<truncated>1</truncated>
		<difficult>0</difficult>
		<bndbox>
			<xmin>70</xmin>
			<ymin>2</ymin>
			<xmax>154</xmax>
			<ymax>225</ymax>
		</bndbox>
	</object>
</annotation>
