<annotation>
	<folder>source</folder>
	<filename>12_yotsuba.jpg</filename>
	<path>C:\Users\genki\OneDrive\デスクトップ\source\12_yotsuba.jpg</path>
	<source>
		<database>Unknown</database>
	</source>
	<size>
		<width>105</width>
		<height>185</height>
		<depth>3</depth>
	</size>
	<segmented>0</segmented>
	<object>
		<name>yotsuba</name>
		<pose>Unspecified</pose>
		<truncated>1</truncated>
		<difficult>0</difficult>
		<bndbox>
			<xmin>1</xmin>
			<ymin>6</ymin>
			<xmax>77</xmax>
			<ymax>176</ymax>
		</bndbox>
	</object>
</annotation>
