<annotation>
	<folder>source</folder>
	<filename>13_meiji.jpg</filename>
	<path>C:\Users\genki\OneDrive\デスクトップ\source\13_meiji.jpg</path>
	<source>
		<database>Unknown</database>
	</source>
	<size>
		<width>168</width>
		<height>300</height>
		<depth>3</depth>
	</size>
	<segmented>0</segmented>
	<object>
		<name>meiji_delicious</name>
		<pose>Unspecified</pose>
		<truncated>1</truncated>
		<difficult>0</difficult>
		<bndbox>
			<xmin>47</xmin>
			<ymin>66</ymin>
			<xmax>123</xmax>
			<ymax>300</ymax>
		</bndbox>
	</object>
</annotation>
