<annotation>
	<folder>source</folder>
	<filename>13_morinaga.jpg</filename>
	<path>C:\Users\genki\OneDrive\デスクトップ\source\13_morinaga.jpg</path>
	<source>
		<database>Unknown</database>
	</source>
	<size>
		<width>294</width>
		<height>171</height>
		<depth>3</depth>
	</size>
	<segmented>0</segmented>
	<object>
		<name>morinaga_delicious</name>
		<pose>Unspecified</pose>
		<truncated>0</truncated>
		<difficult>0</difficult>
		<bndbox>
			<xmin>81</xmin>
			<ymin>38</ymin>
			<xmax>113</xmax>
			<ymax>143</ymax>
		</bndbox>
	</object>
</annotation>
