<annotation>
	<folder>source</folder>
	<filename>14_megmilk.jpg</filename>
	<path>C:\Users\genki\OneDrive\デスクトップ\source\14_megmilk.jpg</path>
	<source>
		<database>Unknown</database>
	</source>
	<size>
		<width>640</width>
		<height>640</height>
		<depth>3</depth>
	</size>
	<segmented>0</segmented>
	<object>
		<name>megmilk</name>
		<pose>Unspecified</pose>
		<truncated>1</truncated>
		<difficult>0</difficult>
		<bndbox>
			<xmin>177</xmin>
			<ymin>1</ymin>
			<xmax>495</xmax>
			<ymax>639</ymax>
		</bndbox>
	</object>
</annotation>
