<annotation>
	<folder>source</folder>
	<filename>15_meiji.jpg</filename>
	<path>C:\Users\genki\OneDrive\デスクトップ\source\15_meiji.jpg</path>
	<source>
		<database>Unknown</database>
	</source>
	<size>
		<width>183</width>
		<height>275</height>
		<depth>3</depth>
	</size>
	<segmented>0</segmented>
	<object>
		<name>meiji_delicious</name>
		<pose>Unspecified</pose>
		<truncated>0</truncated>
		<difficult>0</difficult>
		<bndbox>
			<xmin>45</xmin>
			<ymin>22</ymin>
			<xmax>122</xmax>
			<ymax>252</ymax>
		</bndbox>
	</object>
</annotation>
