<annotation>
	<folder>source</folder>
	<filename>15_megmilk.jpg</filename>
	<path>C:\Users\genki\OneDrive\デスクトップ\source\15_megmilk.jpg</path>
	<source>
		<database>Unknown</database>
	</source>
	<size>
		<width>612</width>
		<height>612</height>
		<depth>3</depth>
	</size>
	<segmented>0</segmented>
	<object>
		<name>yotsuba</name>
		<pose>Unspecified</pose>
		<truncated>1</truncated>
		<difficult>0</difficult>
		<bndbox>
			<xmin>462</xmin>
			<ymin>81</ymin>
			<xmax>612</xmax>
			<ymax>533</ymax>
		</bndbox>
	</object>
</annotation>
