<annotation>
	<folder>source</folder>
	<filename>16_megmilk.jpg</filename>
	<path>C:\Users\genki\OneDrive\デスクトップ\source\16_megmilk.jpg</path>
	<source>
		<database>Unknown</database>
	</source>
	<size>
		<width>223</width>
		<height>226</height>
		<depth>3</depth>
	</size>
	<segmented>0</segmented>
	<object>
		<name>megmilk</name>
		<pose>Unspecified</pose>
		<truncated>0</truncated>
		<difficult>0</difficult>
		<bndbox>
			<xmin>2</xmin>
			<ymin>3</ymin>
			<xmax>213</xmax>
			<ymax>192</ymax>
		</bndbox>
	</object>
</annotation>
