<annotation>
	<folder>source</folder>
	<filename>16_meiji.jpg</filename>
	<path>C:\Users\genki\OneDrive\デスクトップ\source\16_meiji.jpg</path>
	<source>
		<database>Unknown</database>
	</source>
	<size>
		<width>108</width>
		<height>246</height>
		<depth>3</depth>
	</size>
	<segmented>0</segmented>
	<object>
		<name>meiji_delicious</name>
		<pose>Unspecified</pose>
		<truncated>0</truncated>
		<difficult>0</difficult>
		<bndbox>
			<xmin>6</xmin>
			<ymin>33</ymin>
			<xmax>76</xmax>
			<ymax>216</ymax>
		</bndbox>
	</object>
</annotation>
