<annotation>
	<folder>source</folder>
	<filename>16_yotsuba.jpg</filename>
	<path>C:\Users\genki\OneDrive\デスクトップ\source\16_yotsuba.jpg</path>
	<source>
		<database>Unknown</database>
	</source>
	<size>
		<width>96</width>
		<height>182</height>
		<depth>3</depth>
	</size>
	<segmented>0</segmented>
	<object>
		<name>yotsuba</name>
		<pose>Unspecified</pose>
		<truncated>0</truncated>
		<difficult>0</difficult>
		<bndbox>
			<xmin>16</xmin>
			<ymin>11</ymin>
			<xmax>81</xmax>
			<ymax>170</ymax>
		</bndbox>
	</object>
</annotation>
