<annotation>
	<folder>source</folder>
	<filename>17_morinaga.jpg</filename>
	<path>C:\Users\genki\OneDrive\デスクトップ\source\17_morinaga.jpg</path>
	<source>
		<database>Unknown</database>
	</source>
	<size>
		<width>102</width>
		<height>186</height>
		<depth>3</depth>
	</size>
	<segmented>0</segmented>
	<object>
		<name>morinaga_delicious</name>
		<pose>Unspecified</pose>
		<truncated>0</truncated>
		<difficult>0</difficult>
		<bndbox>
			<xmin>17</xmin>
			<ymin>12</ymin>
			<xmax>92</xmax>
			<ymax>170</ymax>
		</bndbox>
	</object>
</annotation>
