<annotation>
	<folder>source</folder>
	<filename>18_morinaga.jpg</filename>
	<path>C:\Users\genki\OneDrive\デスクトップ\source\18_morinaga.jpg</path>
	<source>
		<database>Unknown</database>
	</source>
	<size>
		<width>183</width>
		<height>275</height>
		<depth>3</depth>
	</size>
	<segmented>0</segmented>
	<object>
		<name>morinaga_delicious</name>
		<pose>Unspecified</pose>
		<truncated>0</truncated>
		<difficult>0</difficult>
		<bndbox>
			<xmin>72</xmin>
			<ymin>34</ymin>
			<xmax>149</xmax>
			<ymax>253</ymax>
		</bndbox>
	</object>
</annotation>
