<annotation>
	<folder>source</folder>
	<filename>18_meiji.jpg</filename>
	<path>C:\Users\genki\OneDrive\デスクトップ\source\18_meiji.jpg</path>
	<source>
		<database>Unknown</database>
	</source>
	<size>
		<width>268</width>
		<height>188</height>
		<depth>3</depth>
	</size>
	<segmented>0</segmented>
	<object>
		<name>meiji_delicious</name>
		<pose>Unspecified</pose>
		<truncated>0</truncated>
		<difficult>0</difficult>
		<bndbox>
			<xmin>172</xmin>
			<ymin>30</ymin>
			<xmax>213</xmax>
			<ymax>163</ymax>
		</bndbox>
	</object>
</annotation>
