<annotation>
	<folder>source</folder>
	<filename>18_megmilk.jpg</filename>
	<path>C:\Users\genki\OneDrive\デスクトップ\source\18_megmilk.jpg</path>
	<source>
		<database>Unknown</database>
	</source>
	<size>
		<width>259</width>
		<height>194</height>
		<depth>3</depth>
	</size>
	<segmented>0</segmented>
	<object>
		<name>megmilk</name>
		<pose>Unspecified</pose>
		<truncated>0</truncated>
		<difficult>0</difficult>
		<bndbox>
			<xmin>127</xmin>
			<ymin>36</ymin>
			<xmax>196</xmax>
			<ymax>169</ymax>
		</bndbox>
	</object>
</annotation>
