<annotation>
	<folder>source</folder>
	<filename>19_morinaga.jpg</filename>
	<path>C:\Users\genki\OneDrive\デスクトップ\source\19_morinaga.jpg</path>
	<source>
		<database>Unknown</database>
	</source>
	<size>
		<width>104</width>
		<height>173</height>
		<depth>3</depth>
	</size>
	<segmented>0</segmented>
	<object>
		<name>morinaga_delicious</name>
		<pose>Unspecified</pose>
		<truncated>0</truncated>
		<difficult>0</difficult>
		<bndbox>
			<xmin>12</xmin>
			<ymin>3</ymin>
			<xmax>90</xmax>
			<ymax>166</ymax>
		</bndbox>
	</object>
</annotation>
