<annotation>
	<folder>source</folder>
	<filename>1_meiji.jpg</filename>
	<path>C:\Users\genki\OneDrive\デスクトップ\source\1_meiji.jpg</path>
	<source>
		<database>Unknown</database>
	</source>
	<size>
		<width>272</width>
		<height>186</height>
		<depth>3</depth>
	</size>
	<segmented>0</segmented>
	<object>
		<name>meiji_delicious</name>
		<pose>Unspecified</pose>
		<truncated>0</truncated>
		<difficult>0</difficult>
		<bndbox>
			<xmin>12</xmin>
			<ymin>10</ymin>
			<xmax>146</xmax>
			<ymax>177</ymax>
		</bndbox>
	</object>
</annotation>
