<annotation>
	<folder>source</folder>
	<filename>20_meiji.jpg</filename>
	<path>C:\Users\genki\OneDrive\デスクトップ\source\20_meiji.jpg</path>
	<source>
		<database>Unknown</database>
	</source>
	<size>
		<width>92</width>
		<height>157</height>
		<depth>3</depth>
	</size>
	<segmented>0</segmented>
	<object>
		<name>meiji_delicious</name>
		<pose>Unspecified</pose>
		<truncated>0</truncated>
		<difficult>0</difficult>
		<bndbox>
			<xmin>15</xmin>
			<ymin>4</ymin>
			<xmax>73</xmax>
			<ymax>151</ymax>
		</bndbox>
	</object>
</annotation>
