<annotation>
	<folder>source</folder>
	<filename>20_morinaga.jpg</filename>
	<path>C:\Users\genki\OneDrive\デスクトップ\source\20_morinaga.jpg</path>
	<source>
		<database>Unknown</database>
	</source>
	<size>
		<width>65</width>
		<height>167</height>
		<depth>3</depth>
	</size>
	<segmented>0</segmented>
	<object>
		<name>morinaga_delicious</name>
		<pose>Unspecified</pose>
		<truncated>1</truncated>
		<difficult>0</difficult>
		<bndbox>
			<xmin>7</xmin>
			<ymin>1</ymin>
			<xmax>57</xmax>
			<ymax>139</ymax>
		</bndbox>
	</object>
</annotation>
