<annotation>
	<folder>source</folder>
	<filename>20_yotsuba.jpg</filename>
	<path>C:\Users\genki\OneDrive\デスクトップ\source\20_yotsuba.jpg</path>
	<source>
		<database>Unknown</database>
	</source>
	<size>
		<width>53</width>
		<height>155</height>
		<depth>3</depth>
	</size>
	<segmented>0</segmented>
	<object>
		<name>yotsuba</name>
		<pose>Unspecified</pose>
		<truncated>0</truncated>
		<difficult>0</difficult>
		<bndbox>
			<xmin>4</xmin>
			<ymin>2</ymin>
			<xmax>52</xmax>
			<ymax>154</ymax>
		</bndbox>
	</object>
</annotation>
