<annotation>
	<folder>source</folder>
	<filename>21_morinaga.jpg</filename>
	<path>C:\Users\genki\OneDrive\デスクトップ\source\21_morinaga.jpg</path>
	<source>
		<database>Unknown</database>
	</source>
	<size>
		<width>110</width>
		<height>187</height>
		<depth>3</depth>
	</size>
	<segmented>0</segmented>
	<object>
		<name>morinaga_delicious</name>
		<pose>Unspecified</pose>
		<truncated>0</truncated>
		<difficult>0</difficult>
		<bndbox>
			<xmin>42</xmin>
			<ymin>3</ymin>
			<xmax>107</xmax>
			<ymax>167</ymax>
		</bndbox>
	</object>
</annotation>
