<annotation>
	<folder>source</folder>
	<filename>21_meiji.jpg</filename>
	<path>C:\Users\genki\OneDrive\デスクトップ\source\21_meiji.jpg</path>
	<source>
		<database>Unknown</database>
	</source>
	<size>
		<width>183</width>
		<height>275</height>
		<depth>3</depth>
	</size>
	<segmented>0</segmented>
	<object>
		<name>meiji_delicious</name>
		<pose>Unspecified</pose>
		<truncated>0</truncated>
		<difficult>0</difficult>
		<bndbox>
			<xmin>53</xmin>
			<ymin>16</ymin>
			<xmax>131</xmax>
			<ymax>260</ymax>
		</bndbox>
	</object>
</annotation>
