<annotation>
	<folder>source</folder>
	<filename>22_meiji.jpg</filename>
	<path>C:\Users\genki\OneDrive\デスクトップ\source\22_meiji.jpg</path>
	<source>
		<database>Unknown</database>
	</source>
	<size>
		<width>91</width>
		<height>276</height>
		<depth>3</depth>
	</size>
	<segmented>0</segmented>
	<object>
		<name>meiji_delicious</name>
		<pose>Unspecified</pose>
		<truncated>0</truncated>
		<difficult>0</difficult>
		<bndbox>
			<xmin>10</xmin>
			<ymin>43</ymin>
			<xmax>80</xmax>
			<ymax>262</ymax>
		</bndbox>
	</object>
</annotation>
