<annotation>
	<folder>source</folder>
	<filename>22_yotsuba.jpg</filename>
	<path>C:\Users\genki\OneDrive\デスクトップ\source\22_yotsuba.jpg</path>
	<source>
		<database>Unknown</database>
	</source>
	<size>
		<width>225</width>
		<height>225</height>
		<depth>3</depth>
	</size>
	<segmented>0</segmented>
	<object>
		<name>yotsuba</name>
		<pose>Unspecified</pose>
		<truncated>0</truncated>
		<difficult>0</difficult>
		<bndbox>
			<xmin>76</xmin>
			<ymin>15</ymin>
			<xmax>144</xmax>
			<ymax>223</ymax>
		</bndbox>
	</object>
</annotation>
