<annotation>
	<folder>source</folder>
	<filename>24_meiji.jpg</filename>
	<path>C:\Users\genki\OneDrive\デスクトップ\source\24_meiji.jpg</path>
	<source>
		<database>Unknown</database>
	</source>
	<size>
		<width>94</width>
		<height>179</height>
		<depth>3</depth>
	</size>
	<segmented>0</segmented>
	<object>
		<name>meiji_delicious</name>
		<pose>Unspecified</pose>
		<truncated>0</truncated>
		<difficult>0</difficult>
		<bndbox>
			<xmin>7</xmin>
			<ymin>5</ymin>
			<xmax>85</xmax>
			<ymax>161</ymax>
		</bndbox>
	</object>
</annotation>
