<annotation>
	<folder>source</folder>
	<filename>26_meiji.jpg</filename>
	<path>C:\Users\genki\OneDrive\デスクトップ\source\26_meiji.jpg</path>
	<source>
		<database>Unknown</database>
	</source>
	<size>
		<width>259</width>
		<height>194</height>
		<depth>3</depth>
	</size>
	<segmented>0</segmented>
	<object>
		<name>meiji_delicious</name>
		<pose>Unspecified</pose>
		<truncated>0</truncated>
		<difficult>0</difficult>
		<bndbox>
			<xmin>97</xmin>
			<ymin>20</ymin>
			<xmax>161</xmax>
			<ymax>180</ymax>
		</bndbox>
	</object>
</annotation>
