<annotation>
	<folder>source</folder>
	<filename>26_yotsuba.jpg</filename>
	<path>C:\Users\genki\OneDrive\デスクトップ\source\26_yotsuba.jpg</path>
	<source>
		<database>Unknown</database>
	</source>
	<size>
		<width>195</width>
		<height>259</height>
		<depth>3</depth>
	</size>
	<segmented>0</segmented>
	<object>
		<name>yotsuba</name>
		<pose>Unspecified</pose>
		<truncated>0</truncated>
		<difficult>0</difficult>
		<bndbox>
			<xmin>55</xmin>
			<ymin>21</ymin>
			<xmax>143</xmax>
			<ymax>258</ymax>
		</bndbox>
	</object>
</annotation>
