<annotation>
	<folder>source</folder>
	<filename>28_yotsuba.jpg</filename>
	<path>C:\Users\genki\OneDrive\デスクトップ\source\28_yotsuba.jpg</path>
	<source>
		<database>Unknown</database>
	</source>
	<size>
		<width>53</width>
		<height>119</height>
		<depth>3</depth>
	</size>
	<segmented>0</segmented>
	<object>
		<name>yotsuba</name>
		<pose>Unspecified</pose>
		<truncated>0</truncated>
		<difficult>0</difficult>
		<bndbox>
			<xmin>7</xmin>
			<ymin>12</ymin>
			<xmax>45</xmax>
			<ymax>106</ymax>
		</bndbox>
	</object>
</annotation>
