<annotation>
	<folder>source</folder>
	<filename>29_meiji.jpg</filename>
	<path>C:\Users\genki\OneDrive\デスクトップ\source\29_meiji.jpg</path>
	<source>
		<database>Unknown</database>
	</source>
	<size>
		<width>137</width>
		<height>189</height>
		<depth>3</depth>
	</size>
	<segmented>0</segmented>
	<object>
		<name>meiji_delicious</name>
		<pose>Unspecified</pose>
		<truncated>1</truncated>
		<difficult>0</difficult>
		<bndbox>
			<xmin>11</xmin>
			<ymin>1</ymin>
			<xmax>107</xmax>
			<ymax>188</ymax>
		</bndbox>
	</object>
</annotation>
