<annotation>
	<folder>source</folder>
	<filename>29_yotsuba.jpg</filename>
	<path>C:\Users\genki\OneDrive\デスクトップ\source\29_yotsuba.jpg</path>
	<source>
		<database>Unknown</database>
	</source>
	<size>
		<width>70</width>
		<height>165</height>
		<depth>3</depth>
	</size>
	<segmented>0</segmented>
	<object>
		<name>yotsuba</name>
		<pose>Unspecified</pose>
		<truncated>0</truncated>
		<difficult>0</difficult>
		<bndbox>
			<xmin>11</xmin>
			<ymin>24</ymin>
			<xmax>50</xmax>
			<ymax>156</ymax>
		</bndbox>
	</object>
</annotation>
