<annotation>
	<folder>source</folder>
	<filename>2_mammy.jpg</filename>
	<path>C:\Users\genki\OneDrive\デスクトップ\source\2_mammy.jpg</path>
	<source>
		<database>Unknown</database>
	</source>
	<size>
		<width>94</width>
		<height>320</height>
		<depth>3</depth>
	</size>
	<segmented>0</segmented>
	<object>
		<name>mammy</name>
		<pose>Unspecified</pose>
		<truncated>1</truncated>
		<difficult>0</difficult>
		<bndbox>
			<xmin>1</xmin>
			<ymin>1</ymin>
			<xmax>94</xmax>
			<ymax>317</ymax>
		</bndbox>
	</object>
</annotation>
