<annotation>
	<folder>source</folder>
	<filename>2_megmilk.jpg</filename>
	<path>C:\Users\genki\OneDrive\デスクトップ\source\2_megmilk.jpg</path>
	<source>
		<database>Unknown</database>
	</source>
	<size>
		<width>194</width>
		<height>259</height>
		<depth>3</depth>
	</size>
	<segmented>0</segmented>
	<object>
		<name>mammy</name>
		<pose>Unspecified</pose>
		<truncated>1</truncated>
		<difficult>0</difficult>
		<bndbox>
			<xmin>59</xmin>
			<ymin>1</ymin>
			<xmax>153</xmax>
			<ymax>259</ymax>
		</bndbox>
	</object>
	<object>
		<name>megmilk</name>
		<pose>Unspecified</pose>
		<truncated>0</truncated>
		<difficult>0</difficult>
		<bndbox>
			<xmin>49</xmin>
			<ymin>12</ymin>
			<xmax>148</xmax>
			<ymax>245</ymax>
		</bndbox>
	</object>
</annotation>
