<annotation>
	<folder>source</folder>
	<filename>2_morinaga.jpg</filename>
	<path>C:\Users\genki\OneDrive\デスクトップ\source\2_morinaga.jpg</path>
	<source>
		<database>Unknown</database>
	</source>
	<size>
		<width>259</width>
		<height>194</height>
		<depth>3</depth>
	</size>
	<segmented>0</segmented>
	<object>
		<name>morinaga_delicious</name>
		<pose>Unspecified</pose>
		<truncated>0</truncated>
		<difficult>0</difficult>
		<bndbox>
			<xmin>94</xmin>
			<ymin>11</ymin>
			<xmax>154</xmax>
			<ymax>181</ymax>
		</bndbox>
	</object>
</annotation>
