<annotation>
	<folder>source</folder>
	<filename>30_yotsuba.jpg</filename>
	<path>C:\Users\genki\OneDrive\デスクトップ\source\30_yotsuba.jpg</path>
	<source>
		<database>Unknown</database>
	</source>
	<size>
		<width>119</width>
		<height>212</height>
		<depth>3</depth>
	</size>
	<segmented>0</segmented>
	<object>
		<name>yotsuba</name>
		<pose>Unspecified</pose>
		<truncated>1</truncated>
		<difficult>0</difficult>
		<bndbox>
			<xmin>2</xmin>
			<ymin>1</ymin>
			<xmax>62</xmax>
			<ymax>210</ymax>
		</bndbox>
	</object>
</annotation>
