<annotation>
	<folder>source</folder>
	<filename>31_yotsuba.jpg</filename>
	<path>C:\Users\genki\OneDrive\デスクトップ\source\31_yotsuba.jpg</path>
	<source>
		<database>Unknown</database>
	</source>
	<size>
		<width>92</width>
		<height>224</height>
		<depth>3</depth>
	</size>
	<segmented>0</segmented>
	<object>
		<name>yotsuba</name>
		<pose>Unspecified</pose>
		<truncated>0</truncated>
		<difficult>0</difficult>
		<bndbox>
			<xmin>2</xmin>
			<ymin>2</ymin>
			<xmax>87</xmax>
			<ymax>222</ymax>
		</bndbox>
	</object>
</annotation>
