<annotation>
	<folder>source</folder>
	<filename>32_meiji.jpg</filename>
	<path>C:\Users\genki\OneDrive\デスクトップ\source\32_meiji.jpg</path>
	<source>
		<database>Unknown</database>
	</source>
	<size>
		<width>103</width>
		<height>246</height>
		<depth>3</depth>
	</size>
	<segmented>0</segmented>
	<object>
		<name>meiji_delicious</name>
		<pose>Unspecified</pose>
		<truncated>0</truncated>
		<difficult>0</difficult>
		<bndbox>
			<xmin>12</xmin>
			<ymin>14</ymin>
			<xmax>101</xmax>
			<ymax>227</ymax>
		</bndbox>
	</object>
</annotation>
