<annotation>
	<folder>source</folder>
	<filename>33_meiji.jpg</filename>
	<path>C:\Users\genki\OneDrive\デスクトップ\source\33_meiji.jpg</path>
	<source>
		<database>Unknown</database>
	</source>
	<size>
		<width>225</width>
		<height>225</height>
		<depth>3</depth>
	</size>
	<segmented>0</segmented>
	<object>
		<name>meiji_delicious</name>
		<pose>Unspecified</pose>
		<truncated>0</truncated>
		<difficult>0</difficult>
		<bndbox>
			<xmin>79</xmin>
			<ymin>9</ymin>
			<xmax>146</xmax>
			<ymax>215</ymax>
		</bndbox>
	</object>
</annotation>
