<annotation>
	<folder>source</folder>
	<filename>34_meiji.jpg</filename>
	<path>C:\Users\genki\OneDrive\デスクトップ\source\34_meiji.jpg</path>
	<source>
		<database>Unknown</database>
	</source>
	<size>
		<width>128</width>
		<height>184</height>
		<depth>3</depth>
	</size>
	<segmented>0</segmented>
	<object>
		<name>meiji_delicious</name>
		<pose>Unspecified</pose>
		<truncated>0</truncated>
		<difficult>0</difficult>
		<bndbox>
			<xmin>16</xmin>
			<ymin>7</ymin>
			<xmax>78</xmax>
			<ymax>164</ymax>
		</bndbox>
	</object>
</annotation>
