<annotation>
	<folder>source</folder>
	<filename>34_yotsuba.jpg</filename>
	<path>C:\Users\genki\OneDrive\デスクトップ\source\34_yotsuba.jpg</path>
	<source>
		<database>Unknown</database>
	</source>
	<size>
		<width>194</width>
		<height>260</height>
		<depth>3</depth>
	</size>
	<segmented>0</segmented>
	<object>
		<name>yotsuba</name>
		<pose>Unspecified</pose>
		<truncated>0</truncated>
		<difficult>0</difficult>
		<bndbox>
			<xmin>60</xmin>
			<ymin>11</ymin>
			<xmax>135</xmax>
			<ymax>252</ymax>
		</bndbox>
	</object>
</annotation>
