<annotation>
	<folder>source</folder>
	<filename>35_yotsuba.jpg</filename>
	<path>C:\Users\genki\OneDrive\デスクトップ\source\35_yotsuba.jpg</path>
	<source>
		<database>Unknown</database>
	</source>
	<size>
		<width>71</width>
		<height>154</height>
		<depth>3</depth>
	</size>
	<segmented>0</segmented>
	<object>
		<name>yotsuba</name>
		<pose>Unspecified</pose>
		<truncated>1</truncated>
		<difficult>0</difficult>
		<bndbox>
			<xmin>6</xmin>
			<ymin>3</ymin>
			<xmax>53</xmax>
			<ymax>154</ymax>
		</bndbox>
	</object>
</annotation>
