<annotation>
	<folder>source</folder>
	<filename>36_meiji.jpg</filename>
	<path>C:\Users\genki\OneDrive\デスクトップ\source\36_meiji.jpg</path>
	<source>
		<database>Unknown</database>
	</source>
	<size>
		<width>96</width>
		<height>184</height>
		<depth>3</depth>
	</size>
	<segmented>0</segmented>
	<object>
		<name>meiji_delicious</name>
		<pose>Unspecified</pose>
		<truncated>0</truncated>
		<difficult>0</difficult>
		<bndbox>
			<xmin>36</xmin>
			<ymin>4</ymin>
			<xmax>94</xmax>
			<ymax>165</ymax>
		</bndbox>
	</object>
</annotation>
