<annotation>
	<folder>source</folder>
	<filename>37_yotsuba.jpg</filename>
	<path>C:\Users\genki\OneDrive\デスクトップ\source\37_yotsuba.jpg</path>
	<source>
		<database>Unknown</database>
	</source>
	<size>
		<width>225</width>
		<height>225</height>
		<depth>3</depth>
	</size>
	<segmented>0</segmented>
	<object>
		<name>yotsuba</name>
		<pose>Unspecified</pose>
		<truncated>0</truncated>
		<difficult>0</difficult>
		<bndbox>
			<xmin>69</xmin>
			<ymin>20</ymin>
			<xmax>139</xmax>
			<ymax>218</ymax>
		</bndbox>
	</object>
</annotation>
