<annotation>
	<folder>source</folder>
	<filename>38_yotsuba.jpg</filename>
	<path>C:\Users\genki\OneDrive\デスクトップ\source\38_yotsuba.jpg</path>
	<source>
		<database>Unknown</database>
	</source>
	<size>
		<width>290</width>
		<height>174</height>
		<depth>3</depth>
	</size>
	<segmented>0</segmented>
	<object>
		<name>yotsuba</name>
		<pose>Unspecified</pose>
		<truncated>0</truncated>
		<difficult>0</difficult>
		<bndbox>
			<xmin>175</xmin>
			<ymin>7</ymin>
			<xmax>224</xmax>
			<ymax>157</ymax>
		</bndbox>
	</object>
	<object>
		<name>yotsuba</name>
		<pose>Unspecified</pose>
		<truncated>0</truncated>
		<difficult>0</difficult>
		<bndbox>
			<xmin>119</xmin>
			<ymin>65</ymin>
			<xmax>165</xmax>
			<ymax>158</ymax>
		</bndbox>
	</object>
	<object>
		<name>yotsuba</name>
		<pose>Unspecified</pose>
		<truncated>0</truncated>
		<difficult>0</difficult>
		<bndbox>
			<xmin>62</xmin>
			<ymin>89</ymin>
			<xmax>107</xmax>
			<ymax>157</ymax>
		</bndbox>
	</object>
</annotation>
