<annotation>
	<folder>source</folder>
	<filename>39_meiji.jpg</filename>
	<path>C:\Users\genki\OneDrive\デスクトップ\source\39_meiji.jpg</path>
	<source>
		<database>Unknown</database>
	</source>
	<size>
		<width>194</width>
		<height>259</height>
		<depth>3</depth>
	</size>
	<segmented>0</segmented>
	<object>
		<name>meiji_delicious</name>
		<pose>Unspecified</pose>
		<truncated>1</truncated>
		<difficult>0</difficult>
		<bndbox>
			<xmin>44</xmin>
			<ymin>10</ymin>
			<xmax>152</xmax>
			<ymax>259</ymax>
		</bndbox>
	</object>
</annotation>
