<annotation>
	<folder>source</folder>
	<filename>3_mammy.jpg</filename>
	<path>C:\Users\genki\OneDrive\デスクトップ\source\3_mammy.jpg</path>
	<source>
		<database>Unknown</database>
	</source>
	<size>
		<width>680</width>
		<height>510</height>
		<depth>3</depth>
	</size>
	<segmented>0</segmented>
	<object>
		<name>mammy</name>
		<pose>Unspecified</pose>
		<truncated>1</truncated>
		<difficult>0</difficult>
		<bndbox>
			<xmin>349</xmin>
			<ymin>1</ymin>
			<xmax>530</xmax>
			<ymax>503</ymax>
		</bndbox>
	</object>
</annotation>
