<annotation>
	<folder>source</folder>
	<filename>3_morinaga.jpg</filename>
	<path>C:\Users\genki\OneDrive\デスクトップ\source\3_morinaga.jpg</path>
	<source>
		<database>Unknown</database>
	</source>
	<size>
		<width>84</width>
		<height>256</height>
		<depth>3</depth>
	</size>
	<segmented>0</segmented>
	<object>
		<name>morinaga_delicious</name>
		<pose>Unspecified</pose>
		<truncated>0</truncated>
		<difficult>0</difficult>
		<bndbox>
			<xmin>5</xmin>
			<ymin>43</ymin>
			<xmax>67</xmax>
			<ymax>184</ymax>
		</bndbox>
	</object>
</annotation>
