<annotation>
	<folder>source</folder>
	<filename>3_yotsuba.jpg</filename>
	<path>C:\Users\genki\OneDrive\デスクトップ\source\3_yotsuba.jpg</path>
	<source>
		<database>Unknown</database>
	</source>
	<size>
		<width>108</width>
		<height>250</height>
		<depth>3</depth>
	</size>
	<segmented>0</segmented>
	<object>
		<name>yotsuba</name>
		<pose>Unspecified</pose>
		<truncated>1</truncated>
		<difficult>0</difficult>
		<bndbox>
			<xmin>7</xmin>
			<ymin>12</ymin>
			<xmax>94</xmax>
			<ymax>250</ymax>
		</bndbox>
	</object>
</annotation>
