<annotation>
	<folder>source</folder>
	<filename>40_meiji.jpg</filename>
	<path>C:\Users\genki\OneDrive\デスクトップ\source\40_meiji.jpg</path>
	<source>
		<database>Unknown</database>
	</source>
	<size>
		<width>94</width>
		<height>271</height>
		<depth>3</depth>
	</size>
	<segmented>0</segmented>
	<object>
		<name>meiji_delicious</name>
		<pose>Unspecified</pose>
		<truncated>0</truncated>
		<difficult>0</difficult>
		<bndbox>
			<xmin>14</xmin>
			<ymin>46</ymin>
			<xmax>79</xmax>
			<ymax>260</ymax>
		</bndbox>
	</object>
</annotation>
