<annotation>
	<folder>source</folder>
	<filename>41_meiji.jpg</filename>
	<path>C:\Users\genki\OneDrive\デスクトップ\source\41_meiji.jpg</path>
	<source>
		<database>Unknown</database>
	</source>
	<size>
		<width>162</width>
		<height>141</height>
		<depth>3</depth>
	</size>
	<segmented>0</segmented>
	<object>
		<name>meiji_delicious</name>
		<pose>Unspecified</pose>
		<truncated>0</truncated>
		<difficult>0</difficult>
		<bndbox>
			<xmin>9</xmin>
			<ymin>8</ymin>
			<xmax>58</xmax>
			<ymax>136</ymax>
		</bndbox>
	</object>
</annotation>
