<annotation>
	<folder>source</folder>
	<filename>42_meiji.jpg</filename>
	<path>C:\Users\genki\OneDrive\デスクトップ\source\42_meiji.jpg</path>
	<source>
		<database>Unknown</database>
	</source>
	<size>
		<width>110</width>
		<height>259</height>
		<depth>3</depth>
	</size>
	<segmented>0</segmented>
	<object>
		<name>meiji_delicious</name>
		<pose>Unspecified</pose>
		<truncated>0</truncated>
		<difficult>0</difficult>
		<bndbox>
			<xmin>4</xmin>
			<ymin>2</ymin>
			<xmax>90</xmax>
			<ymax>243</ymax>
		</bndbox>
	</object>
</annotation>
