<annotation>
	<folder>source</folder>
	<filename>43_yotsuba.jpg</filename>
	<path>C:\Users\genki\OneDrive\デスクトップ\source\43_yotsuba.jpg</path>
	<source>
		<database>Unknown</database>
	</source>
	<size>
		<width>259</width>
		<height>194</height>
		<depth>3</depth>
	</size>
	<segmented>0</segmented>
	<object>
		<name>yotsuba</name>
		<pose>Unspecified</pose>
		<truncated>1</truncated>
		<difficult>0</difficult>
		<bndbox>
			<xmin>94</xmin>
			<ymin>9</ymin>
			<xmax>161</xmax>
			<ymax>194</ymax>
		</bndbox>
	</object>
</annotation>
