<annotation>
	<folder>source</folder>
	<filename>44_yotsuba.jpg</filename>
	<path>C:\Users\genki\OneDrive\デスクトップ\source\44_yotsuba.jpg</path>
	<source>
		<database>Unknown</database>
	</source>
	<size>
		<width>223</width>
		<height>226</height>
		<depth>3</depth>
	</size>
	<segmented>0</segmented>
	<object>
		<name>yotsuba</name>
		<pose>Unspecified</pose>
		<truncated>0</truncated>
		<difficult>0</difficult>
		<bndbox>
			<xmin>53</xmin>
			<ymin>15</ymin>
			<xmax>110</xmax>
			<ymax>190</ymax>
		</bndbox>
	</object>
	<object>
		<name>yotsuba</name>
		<pose>Unspecified</pose>
		<truncated>0</truncated>
		<difficult>0</difficult>
		<bndbox>
			<xmin>157</xmin>
			<ymin>15</ymin>
			<xmax>218</xmax>
			<ymax>191</ymax>
		</bndbox>
	</object>
</annotation>
