<annotation>
	<folder>source</folder>
	<filename>45_meiji.jpg</filename>
	<path>C:\Users\genki\OneDrive\デスクトップ\source\45_meiji.jpg</path>
	<source>
		<database>Unknown</database>
	</source>
	<size>
		<width>107</width>
		<height>204</height>
		<depth>3</depth>
	</size>
	<segmented>0</segmented>
	<object>
		<name>meiji_delicious</name>
		<pose>Unspecified</pose>
		<truncated>0</truncated>
		<difficult>0</difficult>
		<bndbox>
			<xmin>20</xmin>
			<ymin>16</ymin>
			<xmax>87</xmax>
			<ymax>190</ymax>
		</bndbox>
	</object>
</annotation>
