<annotation>
	<folder>source</folder>
	<filename>45_yotsuba.jpg</filename>
	<path>C:\Users\genki\OneDrive\デスクトップ\source\45_yotsuba.jpg</path>
	<source>
		<database>Unknown</database>
	</source>
	<size>
		<width>64</width>
		<height>190</height>
		<depth>3</depth>
	</size>
	<segmented>0</segmented>
	<object>
		<name>yotsuba</name>
		<pose>Unspecified</pose>
		<truncated>1</truncated>
		<difficult>0</difficult>
		<bndbox>
			<xmin>1</xmin>
			<ymin>1</ymin>
			<xmax>58</xmax>
			<ymax>184</ymax>
		</bndbox>
	</object>
</annotation>
