<annotation>
	<folder>source</folder>
	<filename>4_mammy.jpg</filename>
	<path>C:\Users\genki\OneDrive\デスクトップ\source\4_mammy.jpg</path>
	<source>
		<database>Unknown</database>
	</source>
	<size>
		<width>88</width>
		<height>300</height>
		<depth>3</depth>
	</size>
	<segmented>0</segmented>
	<object>
		<name>mammy</name>
		<pose>Unspecified</pose>
		<truncated>1</truncated>
		<difficult>0</difficult>
		<bndbox>
			<xmin>1</xmin>
			<ymin>1</ymin>
			<xmax>88</xmax>
			<ymax>299</ymax>
		</bndbox>
	</object>
</annotation>
