<annotation>
	<folder>source</folder>
	<filename>4_megmilk.jpg</filename>
	<path>C:\Users\genki\OneDrive\デスクトップ\source\4_megmilk.jpg</path>
	<source>
		<database>Unknown</database>
	</source>
	<size>
		<width>194</width>
		<height>259</height>
		<depth>3</depth>
	</size>
	<segmented>0</segmented>
	<object>
		<name>megmilk</name>
		<pose>Unspecified</pose>
		<truncated>0</truncated>
		<difficult>0</difficult>
		<bndbox>
			<xmin>46</xmin>
			<ymin>6</ymin>
			<xmax>149</xmax>
			<ymax>250</ymax>
		</bndbox>
	</object>
</annotation>
