<annotation>
	<folder>source</folder>
	<filename>4_morinaga.jpg</filename>
	<path>C:\Users\genki\OneDrive\デスクトップ\source\4_morinaga.jpg</path>
	<source>
		<database>Unknown</database>
	</source>
	<size>
		<width>79</width>
		<height>92</height>
		<depth>3</depth>
	</size>
	<segmented>0</segmented>
	<object>
		<name>morinaga_delicious</name>
		<pose>Unspecified</pose>
		<truncated>0</truncated>
		<difficult>0</difficult>
		<bndbox>
			<xmin>26</xmin>
			<ymin>3</ymin>
			<xmax>58</xmax>
			<ymax>89</ymax>
		</bndbox>
	</object>
</annotation>
