<annotation>
	<folder>source</folder>
	<filename>4_yotsuba.jpg</filename>
	<path>C:\Users\genki\OneDrive\デスクトップ\source\4_yotsuba.jpg</path>
	<source>
		<database>Unknown</database>
	</source>
	<size>
		<width>85</width>
		<height>225</height>
		<depth>3</depth>
	</size>
	<segmented>0</segmented>
	<object>
		<name>yotsuba</name>
		<pose>Unspecified</pose>
		<truncated>1</truncated>
		<difficult>0</difficult>
		<bndbox>
			<xmin>1</xmin>
			<ymin>2</ymin>
			<xmax>76</xmax>
			<ymax>218</ymax>
		</bndbox>
	</object>
</annotation>
