<annotation>
	<folder>source</folder>
	<filename>51_meiji.jpg</filename>
	<path>C:\Users\genki\OneDrive\デスクトップ\source\51_meiji.jpg</path>
	<source>
		<database>Unknown</database>
	</source>
	<size>
		<width>194</width>
		<height>259</height>
		<depth>3</depth>
	</size>
	<segmented>0</segmented>
	<object>
		<name>meiji_delicious</name>
		<pose>Unspecified</pose>
		<truncated>0</truncated>
		<difficult>0</difficult>
		<bndbox>
			<xmin>38</xmin>
			<ymin>8</ymin>
			<xmax>101</xmax>
			<ymax>182</ymax>
		</bndbox>
	</object>
</annotation>
