<annotation>
	<folder>source</folder>
	<filename>53_meiji.jpg</filename>
	<path>C:\Users\genki\OneDrive\デスクトップ\source\53_meiji.jpg</path>
	<source>
		<database>Unknown</database>
	</source>
	<size>
		<width>121</width>
		<height>163</height>
		<depth>3</depth>
	</size>
	<segmented>0</segmented>
	<object>
		<name>meiji_delicious</name>
		<pose>Unspecified</pose>
		<truncated>0</truncated>
		<difficult>0</difficult>
		<bndbox>
			<xmin>17</xmin>
			<ymin>3</ymin>
			<xmax>65</xmax>
			<ymax>154</ymax>
		</bndbox>
	</object>
</annotation>
