<annotation>
	<folder>source</folder>
	<filename>5_mammy.jpg</filename>
	<path>C:\Users\genki\OneDrive\デスクトップ\source\5_mammy.jpg</path>
	<source>
		<database>Unknown</database>
	</source>
	<size>
		<width>384</width>
		<height>384</height>
		<depth>3</depth>
	</size>
	<segmented>0</segmented>
	<object>
		<name>mammy</name>
		<pose>Unspecified</pose>
		<truncated>0</truncated>
		<difficult>0</difficult>
		<bndbox>
			<xmin>131</xmin>
			<ymin>27</ymin>
			<xmax>255</xmax>
			<ymax>363</ymax>
		</bndbox>
	</object>
</annotation>
