<annotation>
	<folder>source</folder>
	<filename>5_megmilk.jpg</filename>
	<path>C:\Users\genki\OneDrive\デスクトップ\source\5_megmilk.jpg</path>
	<source>
		<database>Unknown</database>
	</source>
	<size>
		<width>194</width>
		<height>259</height>
		<depth>3</depth>
	</size>
	<segmented>0</segmented>
	<object>
		<name>megmilk</name>
		<pose>Unspecified</pose>
		<truncated>0</truncated>
		<difficult>0</difficult>
		<bndbox>
			<xmin>56</xmin>
			<ymin>19</ymin>
			<xmax>142</xmax>
			<ymax>237</ymax>
		</bndbox>
	</object>
</annotation>
