<annotation>
	<folder>source</folder>
	<filename>5_morinaga.jpg</filename>
	<path>C:\Users\genki\OneDrive\デスクトップ\source\5_morinaga.jpg</path>
	<source>
		<database>Unknown</database>
	</source>
	<size>
		<width>194</width>
		<height>259</height>
		<depth>3</depth>
	</size>
	<segmented>0</segmented>
	<object>
		<name>morinaga_delicious</name>
		<pose>Unspecified</pose>
		<truncated>0</truncated>
		<difficult>0</difficult>
		<bndbox>
			<xmin>51</xmin>
			<ymin>12</ymin>
			<xmax>147</xmax>
			<ymax>249</ymax>
		</bndbox>
	</object>
</annotation>
