<annotation>
	<folder>source</folder>
	<filename>5_yotsuba.jpg</filename>
	<path>C:\Users\genki\OneDrive\デスクトップ\source\5_yotsuba.jpg</path>
	<source>
		<database>Unknown</database>
	</source>
	<size>
		<width>83</width>
		<height>158</height>
		<depth>3</depth>
	</size>
	<segmented>0</segmented>
	<object>
		<name>yotsuba</name>
		<pose>Unspecified</pose>
		<truncated>0</truncated>
		<difficult>0</difficult>
		<bndbox>
			<xmin>8</xmin>
			<ymin>2</ymin>
			<xmax>55</xmax>
			<ymax>153</ymax>
		</bndbox>
	</object>
</annotation>
