<annotation>
	<folder>source</folder>
	<filename>6_meiji.jpg</filename>
	<path>C:\Users\genki\OneDrive\デスクトップ\source\6_meiji.jpg</path>
	<source>
		<database>Unknown</database>
	</source>
	<size>
		<width>113</width>
		<height>257</height>
		<depth>3</depth>
	</size>
	<segmented>0</segmented>
	<object>
		<name>meiji_delicious</name>
		<pose>Unspecified</pose>
		<truncated>1</truncated>
		<difficult>0</difficult>
		<bndbox>
			<xmin>13</xmin>
			<ymin>1</ymin>
			<xmax>106</xmax>
			<ymax>253</ymax>
		</bndbox>
	</object>
</annotation>
