<annotation>
	<folder>source</folder>
	<filename>6_morinaga.jpg</filename>
	<path>C:\Users\genki\OneDrive\デスクトップ\source\6_morinaga.jpg</path>
	<source>
		<database>Unknown</database>
	</source>
	<size>
		<width>115</width>
		<height>268</height>
		<depth>3</depth>
	</size>
	<segmented>0</segmented>
	<object>
		<name>morinaga_delicious</name>
		<pose>Unspecified</pose>
		<truncated>0</truncated>
		<difficult>0</difficult>
		<bndbox>
			<xmin>4</xmin>
			<ymin>28</ymin>
			<xmax>84</xmax>
			<ymax>250</ymax>
		</bndbox>
	</object>
</annotation>
