<annotation>
	<folder>source</folder>
	<filename>6_yotsuba.jpg</filename>
	<path>C:\Users\genki\OneDrive\デスクトップ\source\6_yotsuba.jpg</path>
	<source>
		<database>Unknown</database>
	</source>
	<size>
		<width>84</width>
		<height>220</height>
		<depth>3</depth>
	</size>
	<segmented>0</segmented>
	<object>
		<name>yotsuba</name>
		<pose>Unspecified</pose>
		<truncated>0</truncated>
		<difficult>0</difficult>
		<bndbox>
			<xmin>13</xmin>
			<ymin>23</ymin>
			<xmax>68</xmax>
			<ymax>201</ymax>
		</bndbox>
	</object>
</annotation>
