<annotation>
	<folder>source</folder>
	<filename>7_mammy.jpg</filename>
	<path>C:\Users\genki\OneDrive\デスクトップ\source\7_mammy.jpg</path>
	<source>
		<database>Unknown</database>
	</source>
	<size>
		<width>1080</width>
		<height>1920</height>
		<depth>3</depth>
	</size>
	<segmented>0</segmented>
	<object>
		<name>mammy</name>
		<pose>Unspecified</pose>
		<truncated>1</truncated>
		<difficult>0</difficult>
		<bndbox>
			<xmin>116</xmin>
			<ymin>1</ymin>
			<xmax>957</xmax>
			<ymax>1920</ymax>
		</bndbox>
	</object>
</annotation>
