<annotation>
	<folder>source</folder>
	<filename>8_mammy.jpg</filename>
	<path>C:\Users\genki\OneDrive\デスクトップ\source\8_mammy.jpg</path>
	<source>
		<database>Unknown</database>
	</source>
	<size>
		<width>225</width>
		<height>225</height>
		<depth>3</depth>
	</size>
	<segmented>0</segmented>
	<object>
		<name>mammy</name>
		<pose>Unspecified</pose>
		<truncated>0</truncated>
		<difficult>0</difficult>
		<bndbox>
			<xmin>82</xmin>
			<ymin>30</ymin>
			<xmax>143</xmax>
			<ymax>197</ymax>
		</bndbox>
	</object>
</annotation>
