<annotation>
	<folder>source</folder>
	<filename>8_megmilk.jpg</filename>
	<path>C:\Users\genki\OneDrive\デスクトップ\source\8_megmilk.jpg</path>
	<source>
		<database>Unknown</database>
	</source>
	<size>
		<width>200</width>
		<height>250</height>
		<depth>3</depth>
	</size>
	<segmented>0</segmented>
	<object>
		<name>megmilk</name>
		<pose>Unspecified</pose>
		<truncated>0</truncated>
		<difficult>0</difficult>
		<bndbox>
			<xmin>57</xmin>
			<ymin>4</ymin>
			<xmax>142</xmax>
			<ymax>249</ymax>
		</bndbox>
	</object>
</annotation>
