<annotation>
	<folder>source</folder>
	<filename>9_mammy.jpg</filename>
	<path>C:\Users\genki\OneDrive\デスクトップ\source\9_mammy.jpg</path>
	<source>
		<database>Unknown</database>
	</source>
	<size>
		<width>640</width>
		<height>640</height>
		<depth>3</depth>
	</size>
	<segmented>0</segmented>
	<object>
		<name>meiji_delicious</name>
		<pose>Unspecified</pose>
		<truncated>0</truncated>
		<difficult>0</difficult>
		<bndbox>
			<xmin>24</xmin>
			<ymin>27</ymin>
			<xmax>206</xmax>
			<ymax>541</ymax>
		</bndbox>
	</object>
</annotation>
